ID,Class
7131,air_conditioner
5658,siren
570,drilling
57,drilling
5253,drilling
749,engine_idling
8216,dog_bark
7619,siren
5181,dog_bark
6054,car_horn
2461,drilling
5689,street_music
1569,drilling
7060,air_conditioner
4249,engine_idling
5302,jackhammer
5869,jackhammer
1715,street_music
8472,children_playing
7162,gun_shot
3776,dog_bark
1938,car_horn
3061,street_music
2790,jackhammer
2140,jackhammer
1598,jackhammer
1690,jackhammer
6644,siren
2669,air_conditioner
4776,siren
8706,siren
995,drilling
829,air_conditioner
6954,dog_bark
2494,engine_idling
8274,engine_idling
6068,street_music
1883,dog_bark
8444,air_conditioner
5908,siren
3367,car_horn
8219,engine_idling
2695,engine_idling
4474,jackhammer
3206,engine_idling
2333,air_conditioner
1556,jackhammer
7954,drilling
3896,air_conditioner
3185,street_music
6562,jackhammer
6497,car_horn
3050,engine_idling
1338,street_music
8307,car_horn
1841,jackhammer
285,jackhammer
8064,dog_bark
8625,car_horn
2750,jackhammer
6961,air_conditioner
6270,siren
8293,jackhammer
4919,air_conditioner
5640,jackhammer
1415,children_playing
6480,children_playing
3531,dog_bark
1941,engine_idling
858,engine_idling
1497,children_playing
8401,jackhammer
1462,street_music
4927,car_horn
7432,street_music
2763,jackhammer
7347,gun_shot
3871,siren
5511,air_conditioner
342,children_playing
4632,dog_bark
2019,siren
7699,car_horn
148,car_horn
5356,jackhammer
5847,dog_bark
8344,siren
8310,car_horn
6443,car_horn
7585,gun_shot
4081,air_conditioner
2917,gun_shot
6543,dog_bark
4658,engine_idling
6977,engine_idling
3281,children_playing
8653,drilling
5960,street_music
6991,siren
6109,street_music
1032,street_music
72,street_music
4836,children_playing
6179,engine_idling
6589,dog_bark
4609,children_playing
1353,drilling
1312,engine_idling
7657,dog_bark
4138,engine_idling
2555,children_playing
2529,street_music
3621,children_playing
6080,air_conditioner
5867,engine_idling
2666,siren
3753,car_horn
1653,gun_shot
3528,jackhammer
3143,street_music
6230,engine_idling
8443,car_horn
4041,car_horn
2379,engine_idling
3580,street_music
2739,siren
6434,air_conditioner
7203,children_playing
5558,siren
613,siren
6655,siren
8447,dog_bark
7084,street_music
8156,street_music
3947,street_music
6189,siren
6742,dog_bark
1365,siren
1059,gun_shot
2449,air_conditioner
6010,air_conditioner
6929,air_conditioner
484,children_playing
160,dog_bark
8594,car_horn
67,children_playing
5412,jackhammer
6653,dog_bark
3008,engine_idling
511,children_playing
7697,engine_idling
4201,street_music
1314,gun_shot
5128,dog_bark
5988,engine_idling
444,car_horn
2291,gun_shot
4749,air_conditioner
2219,children_playing
7966,dog_bark
7685,jackhammer
7595,jackhammer
583,dog_bark
4637,air_conditioner
6668,car_horn
2756,drilling
2330,drilling
5147,dog_bark
3016,drilling
1228,jackhammer
4170,jackhammer
5336,engine_idling
6138,drilling
5338,jackhammer
7091,children_playing
7975,siren
430,siren
5597,jackhammer
4236,drilling
2548,car_horn
2103,street_music
7065,dog_bark
8673,dog_bark
5600,drilling
5085,children_playing
1606,car_horn
2686,car_horn
4078,street_music
6085,engine_idling
3349,jackhammer
2473,siren
693,air_conditioner
5089,children_playing
6652,air_conditioner
6610,drilling
7323,drilling
1100,air_conditioner
3813,siren
2033,dog_bark
6445,gun_shot
3187,children_playing
2258,children_playing
7338,dog_bark
1028,engine_idling
845,engine_idling
7568,drilling
600,street_music
4863,dog_bark
853,children_playing
3731,children_playing
7142,engine_idling
3861,engine_idling
6573,street_music
4386,siren
7522,dog_bark
449,dog_bark
1512,drilling
4925,street_music
3486,jackhammer
2338,dog_bark
3941,engine_idling
3584,siren
7529,siren
2190,drilling
7538,engine_idling
8382,dog_bark
7744,street_music
3433,air_conditioner
8142,engine_idling
7868,car_horn
8724,children_playing
1072,children_playing
2057,car_horn
4574,children_playing
339,street_music
6291,engine_idling
8660,street_music
1235,jackhammer
6770,jackhammer
1796,air_conditioner
3985,engine_idling
7641,street_music
5645,dog_bark
3903,air_conditioner
35,gun_shot
3286,jackhammer
2593,jackhammer
7503,jackhammer
1716,street_music
1231,dog_bark
4963,engine_idling
557,air_conditioner
1181,children_playing
5503,engine_idling
2884,siren
7431,dog_bark
3055,engine_idling
4728,air_conditioner
4959,drilling
3082,drilling
2050,jackhammer
4083,children_playing
7995,engine_idling
5528,drilling
7178,drilling
8612,siren
3131,air_conditioner
3089,street_music
4314,engine_idling
3994,children_playing
2544,car_horn
5564,engine_idling
5497,car_horn
8628,children_playing
2425,air_conditioner
3200,dog_bark
7558,drilling
7898,car_horn
952,dog_bark
4563,drilling
1840,gun_shot
1047,car_horn
6820,dog_bark
1156,children_playing
2309,engine_idling
2523,siren
4045,drilling
5233,jackhammer
7256,siren
5962,dog_bark
6180,jackhammer
308,street_music
2464,children_playing
2132,engine_idling
5149,street_music
4821,air_conditioner
2699,children_playing
7009,children_playing
3729,engine_idling
6536,dog_bark
4075,dog_bark
2324,dog_bark
5199,air_conditioner
1361,dog_bark
2664,siren
2067,air_conditioner
5406,air_conditioner
5761,street_music
7069,air_conditioner
7939,children_playing
7982,air_conditioner
4193,car_horn
7674,drilling
516,dog_bark
2703,children_playing
358,siren
3805,jackhammer
2025,jackhammer
2201,dog_bark
2169,children_playing
3574,engine_idling
249,siren
4943,gun_shot
2946,drilling
1891,dog_bark
803,drilling
1257,street_music
5051,drilling
7577,children_playing
8193,children_playing
2304,gun_shot
7019,street_music
8501,street_music
4290,children_playing
6245,drilling
4614,siren
691,engine_idling
5796,gun_shot
4653,siren
1045,engine_idling
1612,jackhammer
6667,drilling
2084,dog_bark
6765,drilling
5966,siren
93,street_music
5234,siren
6852,street_music
8587,drilling
4527,children_playing
5456,siren
7405,drilling
7467,engine_idling
3320,dog_bark
7723,street_music
1945,drilling
8598,drilling
2532,children_playing
2499,children_playing
3978,siren
3034,siren
7638,air_conditioner
6638,children_playing
1056,children_playing
7929,drilling
6487,street_music
4778,air_conditioner
7779,children_playing
4197,jackhammer
8596,siren
5623,drilling
8465,dog_bark
1150,drilling
3848,children_playing
811,air_conditioner
349,car_horn
7516,gun_shot
5323,air_conditioner
5607,engine_idling
4164,siren
1564,gun_shot
3101,street_music
2017,jackhammer
121,jackhammer
3209,children_playing
3669,engine_idling
5808,children_playing
4829,jackhammer
1542,street_music
1848,siren
8008,gun_shot
1615,car_horn
4873,engine_idling
196,dog_bark
3860,dog_bark
728,siren
4952,drilling
4911,drilling
8500,engine_idling
540,dog_bark
5852,engine_idling
876,engine_idling
3799,street_music
8283,siren
7623,street_music
2592,siren
3628,jackhammer
7027,siren
7259,air_conditioner
3658,engine_idling
6661,siren
3033,car_horn
4393,dog_bark
2870,street_music
4852,air_conditioner
4068,street_music
4273,gun_shot
77,air_conditioner
3839,engine_idling
5864,jackhammer
730,jackhammer
7026,air_conditioner
6001,street_music
2574,street_music
8033,air_conditioner
4320,children_playing
8311,car_horn
4021,air_conditioner
3429,car_horn
8715,siren
7576,children_playing
6158,street_music
4572,drilling
7776,dog_bark
6357,dog_bark
1630,air_conditioner
5195,air_conditioner
6050,air_conditioner
1063,air_conditioner
3756,siren
3548,gun_shot
7756,air_conditioner
4091,street_music
5572,engine_idling
5427,siren
2142,jackhammer
3915,children_playing
2246,drilling
5663,siren
3890,engine_idling
6824,engine_idling
6566,dog_bark
4014,children_playing
1502,gun_shot
4353,air_conditioner
6931,siren
1106,children_playing
3336,drilling
3943,street_music
6181,jackhammer
7850,car_horn
1899,siren
6466,children_playing
3343,children_playing
5639,dog_bark
3024,dog_bark
1203,air_conditioner
3909,street_music
3337,air_conditioner
612,drilling
4683,dog_bark
8409,dog_bark
8182,street_music
7170,drilling
2250,car_horn
3453,jackhammer
8315,children_playing
5560,children_playing
5211,engine_idling
590,street_music
5461,siren
7035,air_conditioner
3299,engine_idling
7853,jackhammer
5940,street_music
6121,gun_shot
3547,car_horn
1316,street_music
5289,street_music
3501,siren
8090,engine_idling
3529,children_playing
397,siren
3652,gun_shot
5465,engine_idling
4482,street_music
7387,air_conditioner
7765,siren
515,street_music
3452,siren
3739,engine_idling
5526,air_conditioner
8693,car_horn
5270,drilling
7279,drilling
3970,street_music
990,drilling
1829,children_playing
3951,engine_idling
2290,street_music
2900,street_music
3597,engine_idling
6418,drilling
5999,drilling
6486,air_conditioner
5770,jackhammer
2236,street_music
5540,engine_idling
7002,engine_idling
90,siren
2081,jackhammer
4341,dog_bark
1960,dog_bark
6318,siren
8643,jackhammer
7675,car_horn
2433,dog_bark
8720,street_music
2188,drilling
3087,siren
8377,street_music
6100,engine_idling
5360,dog_bark
4311,children_playing
4618,engine_idling
6502,air_conditioner
1483,engine_idling
953,street_music
2995,street_music
2193,jackhammer
315,jackhammer
7354,car_horn
6563,jackhammer
4974,dog_bark
7565,car_horn
8183,air_conditioner
3068,dog_bark
1332,siren
8705,jackhammer
1349,jackhammer
1087,air_conditioner
1444,engine_idling
6347,engine_idling
2733,engine_idling
3640,children_playing
3317,siren
8650,dog_bark
1702,dog_bark
4968,drilling
2047,drilling
4327,street_music
5654,car_horn
1292,air_conditioner
1276,gun_shot
5125,street_music
2460,dog_bark
787,jackhammer
3911,siren
6346,air_conditioner
2836,street_music
2037,children_playing
3718,drilling
1816,siren
6800,dog_bark
6115,drilling
5114,children_playing
7374,drilling
2237,engine_idling
5725,drilling
579,siren
1078,car_horn
1755,car_horn
2124,children_playing
54,children_playing
1794,car_horn
7030,street_music
305,children_playing
2911,engine_idling
6469,jackhammer
4733,air_conditioner
3308,jackhammer
7874,siren
7582,jackhammer
4004,engine_idling
4663,dog_bark
6274,children_playing
3678,air_conditioner
1957,car_horn
5542,air_conditioner
7586,street_music
7176,air_conditioner
1745,street_music
4029,children_playing
2909,drilling
352,engine_idling
6817,siren
7631,children_playing
4504,children_playing
7792,car_horn
2713,siren
4293,jackhammer
4313,street_music
6715,jackhammer
2971,engine_idling
4289,jackhammer
3042,car_horn
573,drilling
685,engine_idling
1447,jackhammer
8049,car_horn
5670,gun_shot
5017,gun_shot
6947,jackhammer
2691,dog_bark
7622,engine_idling
5824,siren
367,gun_shot
7855,drilling
2197,street_music
6737,street_music
27,siren
6232,siren
746,air_conditioner
3178,siren
5963,dog_bark
7452,engine_idling
8626,drilling
313,dog_bark
2507,engine_idling
1217,street_music
2707,street_music
6029,jackhammer
7942,dog_bark
7227,dog_bark
3868,siren
7483,street_music
4425,drilling
753,street_music
1761,drilling
7531,engine_idling
1262,children_playing
5251,street_music
3698,dog_bark
3180,jackhammer
8306,siren
6521,street_music
2029,siren
2658,jackhammer
258,jackhammer
5223,jackhammer
7448,siren
4879,engine_idling
1459,dog_bark
4986,car_horn
3905,dog_bark
6317,siren
3604,children_playing
798,street_music
6839,dog_bark
8314,car_horn
8078,children_playing
3069,children_playing
3975,siren
6937,children_playing
4450,air_conditioner
5615,gun_shot
4080,gun_shot
2095,street_music
7713,dog_bark
7629,jackhammer
114,air_conditioner
5952,dog_bark
4234,air_conditioner
6282,jackhammer
4217,drilling
4931,air_conditioner
7206,engine_idling
8496,air_conditioner
7121,children_playing
6768,jackhammer
6292,children_playing
5614,drilling
7828,jackhammer
2108,engine_idling
5244,engine_idling
2657,siren
8192,children_playing
1532,siren
2700,gun_shot
4716,gun_shot
6095,engine_idling
4659,engine_idling
7601,air_conditioner
3223,drilling
7508,engine_idling
1567,jackhammer
3696,siren
272,drilling
688,drilling
8057,jackhammer
1329,engine_idling
3847,engine_idling
5734,children_playing
4328,street_music
3851,children_playing
6965,car_horn
5082,jackhammer
8470,street_music
4585,air_conditioner
6132,drilling
8194,jackhammer
914,car_horn
56,children_playing
5736,jackhammer
5996,dog_bark
2871,engine_idling
6278,dog_bark
1908,siren
6422,car_horn
6606,jackhammer
4521,drilling
8562,street_music
899,siren
4547,air_conditioner
3955,dog_bark
8450,drilling
1614,air_conditioner
475,dog_bark
8458,air_conditioner
7910,drilling
1377,engine_idling
7520,dog_bark
4940,jackhammer
6271,drilling
533,drilling
2552,street_music
7072,children_playing
2825,jackhammer
6452,dog_bark
4362,children_playing
8352,engine_idling
1022,children_playing
366,engine_idling
4415,siren
5198,drilling
3711,street_music
5508,air_conditioner
5964,drilling
8317,children_playing
1935,engine_idling
8131,engine_idling
3747,engine_idling
71,dog_bark
372,children_playing
1621,engine_idling
791,street_music
1244,gun_shot
7839,street_music
979,drilling
1436,drilling
8437,siren
4379,engine_idling
4662,jackhammer
4721,car_horn
1195,engine_idling
5937,siren
5459,air_conditioner
5040,engine_idling
5672,dog_bark
1817,dog_bark
6823,siren
1218,siren
6056,jackhammer
6558,siren
4018,air_conditioner
4523,siren
4473,siren
2674,air_conditioner
471,air_conditioner
3211,drilling
5671,jackhammer
5650,jackhammer
1944,engine_idling
8543,air_conditioner
930,dog_bark
7931,siren
4989,engine_idling
5042,street_music
2944,air_conditioner
965,air_conditioner
1418,dog_bark
1968,children_playing
134,children_playing
8259,drilling
3196,gun_shot
3416,drilling
6234,air_conditioner
1479,street_music
8503,engine_idling
4182,siren
3420,engine_idling
7721,drilling
6918,dog_bark
5533,street_music
5331,street_music
3595,dog_bark
7370,air_conditioner
6035,drilling
1791,street_music
3830,air_conditioner
4834,drilling
1997,air_conditioner
1300,drilling
232,jackhammer
4247,street_music
3582,jackhammer
6072,jackhammer
6793,air_conditioner
2945,engine_idling
318,car_horn
1777,gun_shot
6464,drilling
3496,dog_bark
1414,engine_idling
3822,children_playing
8457,gun_shot
1879,siren
5060,air_conditioner
5010,siren
1783,children_playing
7029,car_horn
8428,street_music
380,drilling
4406,jackhammer
8100,children_playing
2815,siren
11,drilling
2989,dog_bark
4417,car_horn
4735,siren
8717,jackhammer
7893,drilling
6604,car_horn
1623,siren
8397,jackhammer
4756,jackhammer
4226,dog_bark
8656,dog_bark
1918,drilling
6865,engine_idling
7735,air_conditioner
4446,street_music
2676,air_conditioner
4397,gun_shot
6815,jackhammer
1055,jackhammer
687,siren
6620,jackhammer
1287,dog_bark
754,drilling
1295,siren
660,drilling
4142,jackhammer
7020,dog_bark
5310,dog_bark
8507,children_playing
7524,siren
184,jackhammer
7111,air_conditioner
8118,children_playing
6802,jackhammer
2078,air_conditioner
7322,car_horn
5599,children_playing
855,air_conditioner
1068,siren
385,siren
4277,dog_bark
3254,jackhammer
5637,siren
5395,siren
1898,jackhammer
7807,dog_bark
6014,drilling
8296,children_playing
826,engine_idling
2991,drilling
3092,jackhammer
2690,car_horn
5592,drilling
7873,drilling
3734,children_playing
2760,air_conditioner
1003,dog_bark
2928,air_conditioner
4641,car_horn
7589,air_conditioner
5857,street_music
8334,children_playing
453,dog_bark
2794,siren
8406,car_horn
1303,car_horn
2450,car_horn
5246,street_music
3482,dog_bark
6782,street_music
5721,dog_bark
2254,siren
7343,engine_idling
5032,air_conditioner
2351,siren
6379,drilling
2914,gun_shot
2001,dog_bark
5084,drilling
402,jackhammer
2887,siren
7830,gun_shot
4826,children_playing
1477,gun_shot
2795,jackhammer
4622,dog_bark
4616,dog_bark
2043,engine_idling
8644,dog_bark
7109,children_playing
1863,siren
1773,air_conditioner
6831,street_music
4677,jackhammer
8079,dog_bark
7063,children_playing
6910,children_playing
4453,dog_bark
8473,car_horn
4281,siren
5619,air_conditioner
2456,drilling
5214,siren
3390,jackhammer
7673,car_horn
7750,engine_idling
4894,dog_bark
6484,siren
3352,car_horn
7336,engine_idling
216,drilling
2452,jackhammer
2813,engine_idling
5784,engine_idling
4161,dog_bark
6949,dog_bark
2873,air_conditioner
737,siren
8448,children_playing
713,drilling
5390,engine_idling
3379,street_music
4791,engine_idling
6272,engine_idling
7475,children_playing
7258,street_music
2891,siren
8073,air_conditioner
6866,dog_bark
7136,gun_shot
7569,jackhammer
703,street_music
801,drilling
6889,children_playing
7313,children_playing
1236,siren
49,drilling
3555,air_conditioner
7917,car_horn
1467,engine_idling
6963,dog_bark
3398,dog_bark
5109,street_music
8155,air_conditioner
4179,car_horn
5687,car_horn
2872,car_horn
5746,gun_shot
5953,drilling
2639,drilling
1112,street_music
2228,children_playing
3324,engine_idling
1802,jackhammer
1306,jackhammer
1270,street_music
2516,siren
5726,engine_idling
4475,siren
4056,gun_shot
2636,children_playing
1265,dog_bark
576,street_music
4785,street_music
4359,drilling
2448,dog_bark
7272,car_horn
4775,children_playing
219,drilling
6507,children_playing
5760,air_conditioner
3332,drilling
3735,car_horn
4883,car_horn
1812,jackhammer
3077,air_conditioner
6932,gun_shot
236,dog_bark
6224,siren
3231,air_conditioner
794,drilling
7478,drilling
3225,drilling
3267,drilling
8364,street_music
1220,drilling
3499,siren
1230,drilling
1593,drilling
4887,dog_bark
1148,engine_idling
7046,siren
159,siren
4324,dog_bark
7156,air_conditioner
4028,dog_bark
6575,air_conditioner
2584,children_playing
5176,car_horn
2747,car_horn
699,street_music
6710,street_music
5944,dog_bark
472,gun_shot
5858,children_playing
2783,dog_bark
5556,children_playing
4451,siren
5064,drilling
4976,siren
5715,drilling
1251,siren
2746,children_playing
4861,siren
8520,jackhammer
1632,street_music
477,jackhammer
7949,car_horn
7418,siren
2447,drilling
3345,air_conditioner
3051,engine_idling
5783,car_horn
493,car_horn
7087,engine_idling
2297,siren
6188,street_music
6416,air_conditioner
3764,children_playing
3103,car_horn
1175,jackhammer
3325,dog_bark
8069,jackhammer
840,drilling
2601,siren
5733,children_playing
3270,drilling
6227,engine_idling
2962,street_music
2828,siren
5023,drilling
5707,jackhammer
3218,street_music
2996,drilling
4724,street_music
3370,dog_bark
8012,drilling
7408,children_playing
8565,engine_idling
2127,dog_bark
2354,children_playing
8231,engine_idling
8703,gun_shot
4539,jackhammer
2066,children_playing
188,engine_idling
7513,street_music
7179,jackhammer
2205,siren
7340,gun_shot
5312,car_horn
1007,car_horn
7366,street_music
1243,dog_bark
6654,street_music
669,siren
7012,drilling
6427,air_conditioner
3811,jackhammer
3397,air_conditioner
1656,gun_shot
4793,drilling
7059,engine_idling
4137,siren
4928,air_conditioner
1006,jackhammer
5695,drilling
646,street_music
6818,car_horn
7211,engine_idling
5927,dog_bark
5384,engine_idling
6030,air_conditioner
2647,car_horn
6088,dog_bark
5755,jackhammer
7844,siren
2369,air_conditioner
4131,air_conditioner
6453,siren
5189,jackhammer
2198,siren
7198,jackhammer
5918,street_music
761,siren
6183,children_playing
2605,air_conditioner
3670,engine_idling
7436,street_music
7349,jackhammer
2412,children_playing
5977,street_music
6524,children_playing
719,jackhammer
6371,engine_idling
1317,jackhammer
8395,dog_bark
1334,jackhammer
8586,dog_bark
245,dog_bark
3666,children_playing
951,dog_bark
3432,engine_idling
8665,siren
4198,dog_bark
8570,drilling
1174,car_horn
8188,siren
7507,children_playing
8154,dog_bark
338,dog_bark
6846,air_conditioner
7213,jackhammer
1277,children_playing
383,gun_shot
5751,engine_idling
1950,dog_bark
2992,jackhammer
248,siren
3362,siren
3808,dog_bark
896,engine_idling
7525,air_conditioner
2685,street_music
4006,children_playing
7297,engine_idling
3006,engine_idling
4456,air_conditioner
7944,dog_bark
6618,air_conditioner
309,siren
4629,engine_idling
2398,dog_bark
5480,siren
1730,engine_idling
5886,jackhammer
4534,engine_idling
2048,engine_idling
2157,jackhammer
447,engine_idling
3681,jackhammer
6691,car_horn
327,dog_bark
4490,air_conditioner
1118,dog_bark
4665,car_horn
2773,children_playing
6830,air_conditioner
585,siren
4439,engine_idling
2781,street_music
6922,street_music
1540,siren
3117,children_playing
171,engine_idling
3235,street_music
2410,children_playing
7316,jackhammer
7978,siren
3220,drilling
6173,drilling
6440,air_conditioner
226,air_conditioner
5507,gun_shot
239,drilling
6431,street_music
4429,car_horn
3266,children_playing
6542,drilling
1318,jackhammer
7137,siren
6544,car_horn
3846,drilling
3331,siren
2531,street_music
6256,car_horn
1881,dog_bark
7451,dog_bark
2651,engine_idling
7563,street_music
7653,air_conditioner
2942,drilling
3302,air_conditioner
6300,siren
1741,children_playing
8189,dog_bark
6596,children_playing
710,street_music
1437,car_horn
6034,jackhammer
167,dog_bark
5411,street_music
5374,jackhammer
7401,drilling
351,drilling
2121,children_playing
7620,children_playing
7472,siren
3691,drilling
5049,engine_idling
2567,engine_idling
482,dog_bark
8518,jackhammer
677,drilling
2372,dog_bark
252,dog_bark
208,drilling
7875,engine_idling
4806,air_conditioner
1396,drilling
438,children_playing
5772,siren
3959,air_conditioner
6629,jackhammer
5028,dog_bark
1219,car_horn
5426,car_horn
4011,dog_bark
5452,jackhammer
1302,drilling
5190,jackhammer
5876,air_conditioner
8536,siren
247,street_music
8327,siren
7398,street_music
3948,car_horn
2099,engine_idling
6374,drilling
1560,street_music
1085,engine_idling
6378,dog_bark
1182,car_horn
907,car_horn
1818,air_conditioner
7900,jackhammer
1819,air_conditioner
8356,engine_idling
1904,air_conditioner
4076,street_music
3328,jackhammer
3492,dog_bark
6797,drilling
5448,car_horn
3205,air_conditioner
1308,street_music
977,siren
4323,siren
7825,jackhammer
3798,siren
8305,children_playing
2002,siren
120,street_music
8607,siren
4012,engine_idling
7694,engine_idling
8176,siren
7460,air_conditioner
2141,siren
8663,children_playing
3098,siren
679,engine_idling
2388,drilling
4096,drilling
2382,drilling
5081,street_music
5928,jackhammer
854,gun_shot
6017,street_music
5447,air_conditioner
6510,children_playing
3663,street_music
8438,engine_idling
6449,siren
4352,engine_idling
4953,gun_shot
7932,jackhammer
4110,siren
5722,jackhammer
6059,dog_bark
6021,jackhammer
4205,siren
4803,children_playing
5005,siren
7185,children_playing
8229,siren
7751,jackhammer
7981,dog_bark
4123,siren
3607,dog_bark
1943,air_conditioner
4279,drilling
2073,children_playing
7980,siren
3102,engine_idling
4690,dog_bark
6841,dog_bark
2487,siren
3191,siren
549,street_music
7804,drilling
1326,air_conditioner
2954,air_conditioner
1517,children_playing
622,dog_bark
3788,air_conditioner
6408,engine_idling
242,engine_idling
5513,gun_shot
3333,jackhammer
3675,air_conditioner
6376,drilling
5068,dog_bark
597,jackhammer
838,engine_idling
3653,air_conditioner
2632,street_music
7842,siren
5841,children_playing
2477,dog_bark
735,jackhammer
3115,street_music
4723,engine_idling
1754,car_horn
8174,drilling
1980,air_conditioner
2855,engine_idling
1151,children_playing
7821,siren
8635,children_playing
7607,jackhammer
2997,drilling
91,jackhammer
1720,dog_bark
2123,street_music
6016,siren
5820,drilling
5493,air_conditioner
6774,children_playing
7429,car_horn
8729,air_conditioner
2129,engine_idling
4210,children_playing
4443,jackhammer
6763,children_playing
6628,siren
5914,dog_bark
3279,jackhammer
1488,car_horn
6066,air_conditioner
8616,gun_shot
7457,children_playing
8140,drilling
835,siren
652,car_horn
5825,children_playing
6893,drilling
1974,children_playing
5316,jackhammer
7579,dog_bark
3419,air_conditioner
996,street_music
2614,siren
6740,jackhammer
889,gun_shot
3703,street_music
4685,jackhammer
8145,street_music
1725,drilling
2807,drilling
1475,drilling
7459,children_playing
6777,children_playing
3435,dog_bark
3784,car_horn
5692,jackhammer
7543,street_music
3001,dog_bark
5315,engine_idling
572,children_playing
2195,air_conditioner
1052,drilling
381,jackhammer
6177,drilling
507,dog_bark
5816,air_conditioner
7726,siren
4390,jackhammer
1813,engine_idling
7656,jackhammer
4464,air_conditioner
3078,jackhammer
8624,drilling
2575,jackhammer
2661,engine_idling
7593,jackhammer
819,air_conditioner
2446,dog_bark
750,jackhammer
955,engine_idling
3358,siren
2623,dog_bark
686,siren
4668,air_conditioner
437,engine_idling
5521,street_music
5364,dog_bark
4726,drilling
5003,siren
8721,engine_idling
4988,air_conditioner
5351,air_conditioner
1561,engine_idling
6791,air_conditioner
2308,air_conditioner
3441,siren
6462,street_music
7490,engine_idling
1180,car_horn
153,jackhammer
7180,dog_bark
6070,gun_shot
4364,car_horn
3583,air_conditioner
5219,car_horn
802,air_conditioner
7740,street_music
117,engine_idling
6031,siren
400,air_conditioner
7858,drilling
6979,jackhammer
3662,engine_idling
1200,street_music
2478,dog_bark
8294,engine_idling
6616,jackhammer
3540,drilling
4750,car_horn
4189,gun_shot
6631,jackhammer
7380,dog_bark
5815,car_horn
7997,dog_bark
3945,siren
2770,engine_idling
3259,air_conditioner
4431,siren
8393,drilling
5764,jackhammer
2732,dog_bark
5217,air_conditioner
3248,dog_bark
1529,street_music
8004,dog_bark
12,gun_shot
6211,children_playing
2249,engine_idling
4433,siren
5610,dog_bark
3371,dog_bark
941,jackhammer
3927,street_music
4886,dog_bark
1381,drilling
720,jackhammer
7252,car_horn
2607,dog_bark
3613,engine_idling
7085,car_horn
6755,children_playing
7826,car_horn
738,engine_idling
7633,engine_idling
1958,siren
4545,children_playing
2564,engine_idling
2608,air_conditioner
5031,siren
7573,dog_bark
3647,children_playing
2216,siren
6511,car_horn
2966,drilling
3151,air_conditioner
4015,air_conditioner
5495,siren
8075,engine_idling
8440,car_horn
7928,engine_idling
24,air_conditioner
97,dog_bark
4601,siren
1713,dog_bark
2819,siren
3298,jackhammer
804,dog_bark
6999,dog_bark
6159,jackhammer
8249,street_music
624,dog_bark
214,street_music
698,children_playing
764,dog_bark
2174,street_music
2936,siren
7332,air_conditioner
925,street_music
2515,gun_shot
2269,drilling
7625,dog_bark
1,street_music
8021,engine_idling
3387,air_conditioner
3232,air_conditioner
1452,jackhammer
427,siren
5135,drilling
6840,engine_idling
6063,drilling
1728,dog_bark
6568,engine_idling
4595,dog_bark
7710,air_conditioner
6853,jackhammer
8061,air_conditioner
2404,car_horn
4695,street_music
2913,jackhammer
6530,engine_idling
4702,drilling
1774,gun_shot
566,children_playing
4688,engine_idling
8300,street_music
3918,jackhammer
3323,gun_shot
2980,engine_idling
1082,dog_bark
6641,engine_idling
2536,dog_bark
5735,children_playing
7938,car_horn
5435,street_music
752,car_horn
5257,engine_idling
2573,siren
561,air_conditioner
6722,dog_bark
4884,street_music
1786,engine_idling
5557,drilling
3353,jackhammer
8261,engine_idling
4420,engine_idling
212,engine_idling
7001,siren
1394,drilling
5863,children_playing
1584,street_music
4333,dog_bark
3363,street_music
4121,drilling
1991,engine_idling
5546,dog_bark
821,children_playing
2513,air_conditioner
6348,children_playing
3626,gun_shot
7224,drilling
2130,dog_bark
307,drilling
5957,jackhammer
4754,air_conditioner
2312,jackhammer
2863,dog_bark
6783,street_music
1024,children_playing
6332,jackhammer
869,engine_idling
7548,dog_bark
6096,children_playing
3062,children_playing
4950,dog_bark
2943,jackhammer
2405,drilling
5350,jackhammer
3781,drilling
4442,gun_shot
2380,car_horn
6284,street_music
4483,car_horn
8381,air_conditioner
2538,gun_shot
722,children_playing
396,siren
7096,street_music
8384,air_conditioner
2858,children_playing
1405,street_music
3375,drilling
6505,siren
6508,siren
8191,jackhammer
6721,air_conditioner
4907,children_playing
6548,siren
4643,siren
5719,jackhammer
6579,drilling
4766,street_music
5132,car_horn
1448,drilling
3480,drilling
170,dog_bark
4990,dog_bark
7597,siren
1446,drilling
1820,jackhammer
4584,air_conditioner
4532,siren
4945,jackhammer
7016,siren
1771,gun_shot
5243,jackhammer
280,street_music
2282,engine_idling
7446,jackhammer
4625,car_horn
6730,drilling
6880,siren
5441,jackhammer
5767,street_music
7079,engine_idling
2721,car_horn
189,children_playing
7358,drilling
7424,car_horn
304,dog_bark
1152,jackhammer
7879,dog_bark
5133,siren
4319,jackhammer
5509,street_music
8479,children_playing
2018,engine_idling
4351,siren
6819,children_playing
7505,drilling
6079,air_conditioner
7578,street_music
5982,jackhammer
6420,dog_bark
3344,siren
7228,siren
3708,engine_idling
8332,engine_idling
5290,engine_idling
7263,engine_idling
3880,car_horn
6753,gun_shot
7320,street_music
8449,children_playing
6210,drilling
6118,jackhammer
7375,engine_idling
2480,engine_idling
6336,air_conditioner
2702,street_music
5912,dog_bark
6204,dog_bark
5893,children_playing
4914,street_music
7896,street_music
3118,engine_idling
3120,dog_bark
5881,engine_idling
8535,dog_bark
3855,jackhammer
4062,street_music
792,street_music
5492,drilling
1854,drilling
8046,siren
7154,jackhammer
8345,car_horn
724,gun_shot
7988,siren
8009,gun_shot
2687,siren
598,siren
5791,engine_idling
635,drilling
1518,street_music
4411,engine_idling
5903,drilling
1871,jackhammer
4921,dog_bark
2865,dog_bark
6506,children_playing
426,dog_bark
3863,jackhammer
5165,engine_idling
270,drilling
8722,dog_bark
2418,jackhammer
8071,air_conditioner
462,air_conditioner
5659,engine_idling
5676,street_music
3177,children_playing
1297,street_music
428,drilling
5890,dog_bark
5209,street_music
7739,dog_bark
4725,engine_idling
1030,jackhammer
1705,air_conditioner
8171,jackhammer
4746,jackhammer
6098,dog_bark
8068,air_conditioner
459,engine_idling
6821,street_music
6022,jackhammer
8659,air_conditioner
4286,children_playing
5403,jackhammer
3842,car_horn
3268,street_music
1246,gun_shot
2901,children_playing
7333,children_playing
5460,car_horn
5228,drilling
2421,children_playing
4794,air_conditioner
498,street_music
1608,drilling
4650,children_playing
3503,jackhammer
2347,engine_idling
1947,dog_bark
922,siren
1026,gun_shot
2776,street_music
6895,children_playing
3992,air_conditioner
5200,jackhammer
8354,gun_shot
8122,street_music
5582,engine_idling
8508,children_playing
3105,children_playing
7724,drilling
5333,air_conditioner
3095,children_playing
5059,dog_bark
264,air_conditioner
131,car_horn
4126,siren
6411,drilling
7362,street_music
7500,engine_idling
1328,drilling
7076,children_playing
3916,children_playing
83,car_horn
1528,dog_bark
3140,siren
6296,drilling
7943,drilling
5353,gun_shot
1805,dog_bark
1678,jackhammer
4542,drilling
3030,children_playing
683,siren
7360,air_conditioner
1503,siren
7450,dog_bark
6973,children_playing
7599,car_horn
8711,dog_bark
3630,dog_bark
5013,dog_bark
8013,children_playing
5757,children_playing
2597,siren
726,children_playing
7788,engine_idling
1574,jackhammer
5183,jackhammer
6414,air_conditioner
6892,air_conditioner
4200,children_playing
6134,engine_idling
6019,engine_idling
4054,engine_idling
820,engine_idling
5175,children_playing
7518,car_horn
6847,jackhammer
316,jackhammer
401,children_playing
2984,air_conditioner
3493,street_music
8111,air_conditioner
4634,air_conditioner
7145,street_music
2924,siren
3257,air_conditioner
5057,jackhammer
8365,street_music
2665,children_playing
8184,drilling
6015,engine_idling
1269,siren
963,gun_shot
2986,air_conditioner
5641,gun_shot
8524,gun_shot
4231,street_music
1940,children_playing
5877,jackhammer
5870,jackhammer
2042,jackhammer
2055,children_playing
5196,children_playing
5544,children_playing
4613,jackhammer
3216,drilling
1837,siren
6389,siren
5072,air_conditioner
5745,dog_bark
4948,jackhammer
1352,dog_bark
7677,dog_bark
3404,gun_shot
1890,siren
8445,siren
1187,drilling
4783,engine_idling
8052,street_music
6760,street_music
3560,dog_bark
3510,children_playing
4392,dog_bark
6903,siren
4463,jackhammer
8233,jackhammer
7151,car_horn
6214,air_conditioner
4367,engine_idling
1949,drilling
2135,children_playing
525,children_playing
3674,jackhammer
8627,air_conditioner
527,street_music
4246,jackhammer
946,street_music
7417,siren
1663,dog_bark
5702,air_conditioner
2415,children_playing
7639,drilling
1689,street_music
2982,children_playing
5294,street_music
5704,street_music
3742,air_conditioner
8416,air_conditioner
6724,drilling
8407,dog_bark
7216,jackhammer
1919,air_conditioner
1058,jackhammer
3679,dog_bark
3782,car_horn
7153,street_music
6717,children_playing
5678,air_conditioner
4795,children_playing
4707,siren
4129,jackhammer
7377,air_conditioner
364,dog_bark
5142,siren
5340,street_music
4535,air_conditioner
4799,siren
1273,children_playing
3689,street_music
8675,siren
215,dog_bark
3388,siren
1706,engine_idling
3879,siren
1731,street_music
3354,engine_idling
43,siren
3489,drilling
1018,street_music
1460,engine_idling
1145,jackhammer
4840,air_conditioner
4146,drilling
2020,street_music
5642,street_music
8568,drilling
6412,car_horn
4926,siren
1214,street_music
6403,air_conditioner
4461,engine_idling
2648,street_music
6212,dog_bark
3671,air_conditioner
3504,street_music
1061,street_music
8263,dog_bark
5515,car_horn
386,engine_idling
8077,engine_idling
3,siren
2148,siren
5543,street_music
3277,engine_idling
6523,engine_idling
937,engine_idling
1921,siren
7074,jackhammer
5263,children_playing
8670,siren
4228,street_music
8172,engine_idling
2711,air_conditioner
5833,car_horn
3596,street_music
5002,dog_bark
1209,children_playing
3765,air_conditioner
5844,children_playing
3687,jackhammer
5391,street_music
3787,engine_idling
3213,car_horn
5723,drilling
1131,engine_idling
3724,jackhammer
727,street_music
2940,air_conditioner
5628,drilling
7532,engine_idling
4111,dog_bark
4232,siren
7150,siren
3624,dog_bark
6340,engine_idling
192,air_conditioner
1709,dog_bark
1679,gun_shot
2576,dog_bark
2524,dog_bark
8725,engine_idling
2064,siren
4291,drilling
3459,drilling
4657,children_playing
528,dog_bark
5022,street_music
4103,siren
1736,children_playing
2364,jackhammer
729,street_music
3725,jackhammer
4762,dog_bark
1970,air_conditioner
3672,jackhammer
2604,jackhammer
4128,dog_bark
5561,jackhammer
740,jackhammer
3919,engine_idling
174,children_playing
2613,jackhammer
7552,air_conditioner
509,children_playing
5669,car_horn
2408,engine_idling
7039,children_playing
1910,air_conditioner
8526,children_playing
4119,car_horn
3732,air_conditioner
5409,gun_shot
7990,jackhammer
501,jackhammer
4356,engine_idling
1279,air_conditioner
4143,engine_idling
2752,gun_shot
6309,children_playing
368,engine_idling
3579,engine_idling
7073,jackhammer
1496,gun_shot
250,children_playing
694,engine_idling
8058,children_playing
3682,siren
3850,engine_idling
2262,children_playing
4916,dog_bark
1832,street_music
3554,siren
4241,air_conditioner
2089,gun_shot
6451,air_conditioner
7378,drilling
1259,air_conditioner
7205,jackhammer
178,jackhammer
2930,gun_shot
7747,car_horn
5990,drilling
8728,engine_idling
6728,street_music
7706,street_music
6119,drilling
2343,engine_idling
8119,engine_idling
813,street_music
2430,siren
2265,gun_shot
7775,siren
3417,drilling
1896,siren
473,children_playing
913,jackhammer
3893,children_playing
5188,jackhammer
4199,engine_idling
8277,siren
3481,engine_idling
2501,jackhammer
4174,street_music
1787,air_conditioner
3407,dog_bark
809,car_horn
5765,car_horn
45,jackhammer
8483,children_playing
1547,air_conditioner
3054,dog_bark
7197,street_music
4904,children_playing
2998,gun_shot
3930,drilling
8589,siren
5466,engine_idling
4752,drilling
3306,street_music
8580,street_music
4741,drilling
3538,jackhammer
5134,jackhammer
6367,street_music
3770,drilling
6609,air_conditioner
8667,air_conditioner
4262,street_music
4529,air_conditioner
5405,gun_shot
1384,street_music
8173,street_music
8270,siren
8236,street_music
7443,street_music
7683,drilling
2182,gun_shot
2427,jackhammer
8571,engine_idling
2443,engine_idling
4272,air_conditioner
8552,jackhammer
1562,children_playing
3164,jackhammer
5373,car_horn
3153,engine_idling
6049,dog_bark
8252,dog_bark
8279,siren
2139,jackhammer
1139,engine_idling
7194,jackhammer
4578,siren
901,dog_bark
3052,street_music
137,jackhammer
692,children_playing
3434,street_music
4160,jackhammer
3275,car_horn
6213,siren
3316,jackhammer
4828,drilling
2439,siren
6879,street_music
6875,siren
6750,children_playing
3003,children_playing
2680,jackhammer
978,children_playing
5321,siren
2414,drilling
4171,gun_shot
2824,children_playing
3520,siren
4218,gun_shot
2163,jackhammer
2652,drilling
5477,siren
5519,engine_idling
755,jackhammer
4491,jackhammer
6101,children_playing
1367,jackhammer
2797,air_conditioner
5681,children_playing
6432,drilling
7802,children_playing
1579,air_conditioner
5514,dog_bark
6716,jackhammer
7672,siren
1744,engine_idling
335,air_conditioner
5800,jackhammer
3081,street_music
744,street_music
2497,jackhammer
268,jackhammer
8330,drilling
5436,children_playing
2051,dog_bark
3622,air_conditioner
5701,siren
1565,engine_idling
1530,street_music
63,drilling
5594,siren
6822,gun_shot
7094,air_conditioner
648,street_music
2227,gun_shot
8399,children_playing
3207,drilling
4920,drilling
6816,engine_idling
5067,siren
8280,jackhammer
4703,car_horn
5099,siren
5476,street_music
2247,air_conditioner
2862,air_conditioner
6133,air_conditioner
6051,gun_shot
8099,dog_bark
6338,jackhammer
202,gun_shot
2580,children_playing
3591,dog_bark
222,jackhammer
5865,car_horn
165,air_conditioner
6103,siren
4827,street_music
4506,jackhammer
2386,siren
1115,air_conditioner
5530,dog_bark
1042,jackhammer
4175,siren
7707,air_conditioner
4792,children_playing
975,gun_shot
5100,air_conditioner
7025,engine_idling
8299,gun_shot
878,dog_bark
4599,street_music
1070,engine_idling
2929,air_conditioner
7251,dog_bark
2775,car_horn
3046,drilling
6708,street_music
2890,gun_shot
2878,air_conditioner
2339,children_playing
871,street_music
4661,street_music
4860,gun_shot
7690,dog_bark
2572,air_conditioner
8613,dog_bark
6305,air_conditioner
3840,street_music
5096,drilling
2082,siren
3406,dog_bark
353,engine_idling
8208,air_conditioner
5504,jackhammer
7881,street_music
7086,street_music
5773,jackhammer
7827,gun_shot
587,engine_idling
2831,street_music
7681,siren
6013,street_music
3686,engine_idling
6595,jackhammer
2134,siren
7148,siren
4820,drilling
7843,siren
6077,siren
5112,drilling
1570,engine_idling
7833,street_music
1029,street_music
6108,engine_idling
6574,children_playing
2832,air_conditioner
4947,children_playing
8360,engine_idling
6651,street_music
3763,drilling
7837,dog_bark
6040,dog_bark
607,children_playing
4942,children_playing
5021,street_music
1404,siren
3886,street_music
5088,street_music
2570,siren
60,siren
3074,siren
1189,gun_shot
4190,engine_idling
2603,dog_bark
8135,engine_idling
1358,engine_idling
7970,dog_bark
4607,car_horn
6331,engine_idling
5019,children_playing
1014,children_playing
7163,siren
2010,siren
8093,air_conditioner
1708,jackhammer
2016,drilling
833,children_playing
894,engine_idling
5545,children_playing
4100,siren
7560,jackhammer
5889,engine_idling
1697,engine_idling
5172,gun_shot
7379,jackhammer
182,siren
1536,street_music
4753,street_music
2199,street_music
1500,engine_idling
1877,children_playing
2378,air_conditioner
7456,gun_shot
6493,air_conditioner
8072,street_music
5494,jackhammer
5609,children_playing
3508,drilling
6643,siren
7253,dog_bark
6055,engine_idling
571,car_horn
1873,jackhammer
7329,drilling
5045,jackhammer
841,dog_bark
5652,street_music
7367,siren
7664,gun_shot
123,drilling
1751,drilling
450,street_music
4561,dog_bark
6061,street_music
1634,street_music
7389,jackhammer
6518,air_conditioner
6712,gun_shot
4747,drilling
5954,jackhammer
7277,dog_bark
1555,engine_idling
1385,air_conditioner
5837,children_playing
6773,jackhammer
7081,drilling
461,drilling
4349,gun_shot
6626,siren
2805,drilling
8333,siren
22,air_conditioner
5774,engine_idling
932,engine_idling
1847,drilling
884,car_horn
1323,jackhammer
3750,jackhammer
6463,air_conditioner
3821,children_playing
2256,siren
7462,jackhammer
6288,air_conditioner
4361,engine_idling
8579,children_playing
6104,siren
4858,children_playing
1548,air_conditioner
3567,dog_bark
8067,street_music
5909,siren
2498,jackhammer
7501,engine_idling
1651,street_music
6339,air_conditioner
1310,engine_idling
5259,air_conditioner
2553,dog_bark
5309,children_playing
4684,siren
6459,children_playing
7003,jackhammer
1607,jackhammer
3542,siren
414,jackhammer
4647,street_music
6520,siren
128,jackhammer
334,jackhammer
356,dog_bark
7337,dog_bark
7245,drilling
4984,air_conditioner
3642,engine_idling
7321,children_playing
7523,dog_bark
2394,children_playing
1603,street_music
2080,car_horn
1370,drilling
2678,dog_bark
4130,children_playing
3293,street_music
2620,air_conditioner
4715,dog_bark
3878,gun_shot
4073,drilling
1916,engine_idling
1699,children_playing
8092,gun_shot
271,drilling
7743,children_playing
3517,drilling
6939,air_conditioner
7437,jackhammer
5612,jackhammer
4830,gun_shot
732,gun_shot
6279,engine_idling
948,drilling
6725,children_playing
8034,jackhammer
360,children_playing
1168,air_conditioner
1378,children_playing
4067,air_conditioner
7328,siren
1672,siren
8676,jackhammer
1493,children_playing
5835,air_conditioner
6517,drilling
2850,dog_bark
6355,children_playing
4769,children_playing
322,siren
6512,dog_bark
6835,air_conditioner
1808,engine_idling
411,children_playing
2988,siren
1605,jackhammer
3758,car_horn
4135,dog_bark
8707,gun_shot
5840,siren
4101,gun_shot
3999,air_conditioner
6943,street_music
377,car_horn
4705,jackhammer
3125,siren
3668,car_horn
1704,jackhammer
5818,dog_bark
4807,street_music
4472,siren
2106,siren
8582,air_conditioner
5291,car_horn
1913,siren
8615,jackhammer
1872,street_music
5548,children_playing
6196,drilling
152,children_playing
7403,engine_idling
251,jackhammer
1534,jackhammer
1278,children_playing
1088,air_conditioner
4256,air_conditioner
1510,children_playing
8429,children_playing
8080,street_music
7426,engine_idling
8025,children_playing
1311,children_playing
5382,drilling
1531,air_conditioner
4401,air_conditioner
919,drilling
370,dog_bark
1001,air_conditioner
7715,siren
7727,street_music
3401,street_music
4440,car_horn
4824,jackhammer
7143,jackhammer
8611,dog_bark
1226,siren
1843,dog_bark
3347,jackhammer
2462,engine_idling
784,children_playing
5968,street_music
5714,children_playing
7754,jackhammer
5221,drilling
8081,drilling
6832,air_conditioner
7361,siren
6327,drilling
5763,children_playing
3685,siren
8024,drilling
2335,siren
4191,siren
8425,air_conditioner
3834,children_playing
6926,children_playing
7172,air_conditioner
671,dog_bark
2028,children_playing
1588,car_horn
4965,drilling
7890,dog_bark
5432,air_conditioner
7345,dog_bark
2595,dog_bark
4651,dog_bark
1640,jackhammer
3004,street_music
2094,jackhammer
130,drilling
3844,siren
4166,air_conditioner
7471,dog_bark
1836,engine_idling
221,dog_bark
391,siren
6608,children_playing
5683,dog_bark
376,drilling
5586,jackhammer
817,drilling
2789,siren
5706,street_music
636,children_playing
812,dog_bark
269,jackhammer
1571,street_music
2801,air_conditioner
5129,engine_idling
2287,engine_idling
1626,engine_idling
7504,car_horn
4438,street_music
7161,jackhammer
15,dog_bark
4255,street_music
3121,dog_bark
7651,siren
8523,children_playing
2340,jackhammer
1618,drilling
7061,drilling
4934,car_horn
560,children_playing
8605,drilling
4704,dog_bark
454,street_music
4498,air_conditioner
5644,dog_bark
3273,air_conditioner
1986,car_horn
1040,children_playing
7212,drilling
5524,car_horn
3381,children_playing
7604,engine_idling
1633,children_playing
2173,street_music
3585,siren
7414,air_conditioner
3444,drilling
6144,children_playing
1380,car_horn
2083,siren
5806,jackhammer
7494,drilling
6662,air_conditioner
1242,siren
8143,drilling
5649,gun_shot
6359,siren
3470,gun_shot
5848,street_music
7994,children_playing
4680,drilling
7989,car_horn
923,siren
4888,street_music
5980,air_conditioner
2327,children_playing
8088,gun_shot
8709,dog_bark
3294,street_music
5319,street_music
8658,dog_bark
6335,drilling
4628,dog_bark
8690,street_music
3301,children_playing
7598,children_playing
5400,car_horn
1458,dog_bark
406,air_conditioner
347,siren
564,dog_bark
584,gun_shot
665,air_conditioner
5842,car_horn
4853,air_conditioner
4992,children_playing
5682,engine_idling
4394,children_playing
6945,siren
1241,siren
4381,street_music
8534,engine_idling
712,children_playing
5092,drilling
8431,siren
7231,jackhammer
3823,jackhammer
3163,children_playing
7309,engine_idling
3749,street_music
3885,dog_bark
6683,children_playing
6990,engine_idling
3962,drilling
92,siren
5983,dog_bark
4822,drilling
663,siren
3884,dog_bark
7399,car_horn
7869,jackhammer
2087,engine_idling
4024,siren
5169,dog_bark
6381,siren
1831,siren
7911,dog_bark
4842,jackhammer
6025,street_music
3283,engine_idling
213,siren
6441,air_conditioner
4163,jackhammer
6423,children_playing
2539,children_playing
5554,siren
611,drilling
4462,jackhammer
7280,air_conditioner
1549,children_playing
2596,gun_shot
1048,air_conditioner
5069,siren
8322,jackhammer
5739,car_horn
772,dog_bark
5177,engine_idling
2730,drilling
4301,air_conditioner
2842,drilling
6599,street_music
3738,jackhammer
2741,engine_idling
6083,air_conditioner
8704,siren
7959,engine_idling
336,drilling
7665,street_music
1767,drilling
8474,jackhammer
4839,engine_idling
6923,dog_bark
6550,air_conditioner
1795,street_music
2659,siren
4413,dog_bark
4102,jackhammer
407,air_conditioner
8578,car_horn
5850,air_conditioner
2512,street_music
3066,jackhammer
8146,street_music
3258,dog_bark
7539,car_horn
928,car_horn
3695,jackhammer
288,engine_idling
5328,dog_bark
6156,siren
2640,siren
5587,car_horn
7679,drilling
7330,drilling
8264,dog_bark
5915,drilling
311,gun_shot
8476,drilling
2771,siren
8253,children_playing
6677,dog_bark
3523,dog_bark
4044,street_music
3543,drilling
8499,dog_bark
916,engine_idling
8369,engine_idling
816,air_conditioner
2013,engine_idling
394,street_music
6455,air_conditioner
7196,jackhammer
2800,street_music
980,jackhammer
3190,drilling
1677,drilling
2323,air_conditioner
5985,drilling
830,street_music
843,siren
4913,street_music
7269,drilling
7068,drilling
5173,air_conditioner
7133,engine_idling
8610,engine_idling
8062,dog_bark
6969,dog_bark
7479,street_music
547,street_music
3297,siren
5943,dog_bark
4781,engine_idling
7838,siren
3972,dog_bark
6293,engine_idling
4556,car_horn
4050,street_music
4118,car_horn
3648,gun_shot
299,children_playing
5947,jackhammer
555,engine_idling
1737,children_playing
8446,air_conditioner
2152,street_music
8323,engine_idling
4257,air_conditioner
4676,children_playing
4,dog_bark
1149,drilling
5559,air_conditioner
2939,engine_idling
6483,jackhammer
6967,engine_idling
7567,dog_bark
4400,air_conditioner
3392,children_playing
7108,gun_shot
6375,engine_idling
2031,air_conditioner
2192,siren
7221,engine_idling
6971,engine_idling
1718,street_music
3895,air_conditioner
5216,air_conditioner
7088,drilling
2306,street_music
324,air_conditioner
4064,children_playing
1649,jackhammer
3608,air_conditioner
957,children_playing
4000,children_playing
892,car_horn
59,gun_shot
3278,jackhammer
1978,engine_idling
1412,jackhammer
3838,air_conditioner
4924,air_conditioner
1589,siren
4206,children_playing
3843,engine_idling
3566,jackhammer
5357,drilling
2549,street_music
4923,gun_shot
6003,dog_bark
5778,street_music
5237,street_music
6,children_playing
4672,street_music
4449,air_conditioner
6500,engine_idling
8262,siren
175,gun_shot
497,drilling
4480,siren
6175,children_playing
778,dog_bark
1126,air_conditioner
2557,gun_shot
7745,drilling
2785,children_playing
6531,air_conditioner
3721,siren
8441,engine_idling
7734,jackhammer
6081,jackhammer
5613,siren
7519,street_music
1435,car_horn
1113,drilling
6343,siren
4049,dog_bark
4742,car_horn
3820,children_playing
3194,gun_shot
5907,dog_bark
7344,street_music
2045,gun_shot
2488,street_music
7226,air_conditioner
1661,air_conditioner
773,air_conditioner
113,street_music
142,jackhammer
3400,children_playing
3611,children_playing
3365,jackhammer
748,street_music
6197,engine_idling
6529,children_playing
6172,car_horn
1092,children_playing
2875,engine_idling
2641,car_horn
7247,dog_bark
2036,jackhammer
1076,dog_bark
4057,car_horn
8411,engine_idling
8110,siren
7260,car_horn
721,dog_bark
1830,gun_shot
5758,car_horn
6456,car_horn
5854,dog_bark
4009,siren
4509,air_conditioner
7933,children_playing
8519,drilling
61,car_horn
2180,car_horn
2466,drilling
3657,air_conditioner
317,street_music
1286,jackhammer
7105,street_music
388,siren
860,engine_idling
4786,dog_bark
4227,air_conditioner
3887,gun_shot
3319,engine_idling
7140,drilling
605,gun_shot
230,street_music
4697,jackhammer
8620,dog_bark
3599,engine_idling
7509,dog_bark
5174,air_conditioner
3135,car_horn
7556,jackhammer
4895,dog_bark
6297,siren
3415,dog_bark
512,engine_idling
7015,car_horn
1511,gun_shot
1191,street_music
4178,children_playing
1492,dog_bark
3932,jackhammer
6151,engine_idling
3526,jackhammer
5505,siren
4732,siren
5284,siren
7369,air_conditioner
3577,jackhammer
6086,siren
3395,jackhammer
8213,children_playing
867,air_conditioner
8538,gun_shot
6131,air_conditioner
140,jackhammer
3244,siren
2586,air_conditioner
3760,dog_bark
8514,engine_idling
4906,drilling
19,gun_shot
5489,siren
6583,air_conditioner
6771,engine_idling
1423,siren
4784,air_conditioner
8664,dog_bark
6534,children_playing
7138,jackhammer
3152,gun_shot
275,jackhammer
7275,children_playing
50,siren
5653,drilling
6703,drilling
33,jackhammer
3870,dog_bark
4299,children_playing
6882,drilling
1894,car_horn
7078,air_conditioner
1739,engine_idling
1508,dog_bark
26,engine_idling
8546,children_playing
849,street_music
7032,gun_shot
4365,jackhammer
1666,drilling
7244,jackhammer
986,jackhammer
702,jackhammer
326,jackhammer
5826,siren
1398,dog_bark
7733,children_playing
5882,engine_idling
1996,jackhammer
8403,siren
4912,siren
8029,jackhammer
7359,engine_idling
2184,engine_idling
3462,street_music
3477,air_conditioner
6457,jackhammer
3859,jackhammer
47,air_conditioner
5710,dog_bark
6914,engine_idling
7901,drilling
2511,jackhammer
567,air_conditioner
1296,siren
1746,siren
6141,gun_shot
5553,gun_shot
7202,car_horn
4274,engine_idling
4493,siren
6023,siren
4569,dog_bark
1629,drilling
1856,air_conditioner
5004,siren
6311,jackhammer
5313,gun_shot
7930,siren
104,jackhammer
3276,engine_idling
7922,engine_idling
8511,engine_idling
8285,drilling
4239,engine_idling
8460,dog_bark
7077,street_music
1914,drilling
520,siren
2458,car_horn
6955,car_horn
5148,jackhammer
1999,dog_bark
3133,children_playing
6241,children_playing
8325,jackhammer
7376,street_music
3864,air_conditioner
4338,jackhammer
1346,drilling
5398,air_conditioner
1066,air_conditioner
2821,jackhammer
5769,drilling
7005,drilling
8106,drilling
5376,dog_bark
7302,jackhammer
578,drilling
8227,street_music
3150,dog_bark
8380,siren
7671,air_conditioner
5786,children_playing
544,engine_idling
5932,street_music
733,dog_bark
972,engine_idling
7055,siren
904,dog_bark
7307,children_playing
4384,siren
8108,street_music
5925,street_music
4714,engine_idling
5416,engine_idling
3409,dog_bark
3027,jackhammer
7993,drilling
3929,jackhammer
149,siren
2915,engine_idling
658,dog_bark
3515,engine_idling
2757,street_music
5320,street_music
5378,gun_shot
8215,dog_bark
6516,siren
5664,air_conditioner
6323,engine_idling
4511,jackhammer
2542,engine_idling
7010,jackhammer
2543,street_music
2217,engine_idling
6856,siren
3296,jackhammer
3606,children_playing
1339,street_music
1660,drilling
7274,air_conditioner
3096,air_conditioner
621,street_music
3891,dog_bark
848,car_horn
5186,street_music
1602,engine_idling
7075,children_playing
5352,siren
6129,children_playing
3910,air_conditioner
7488,jackhammer
5934,engine_idling
796,dog_bark
4938,air_conditioner
8716,children_playing
1147,children_playing
3889,street_music
3877,jackhammer
8351,drilling
8014,dog_bark
4180,children_playing
2444,jackhammer
4743,air_conditioner
3709,air_conditioner
4093,children_playing
651,siren
8435,engine_idling
3418,drilling
7985,engine_idling
8238,car_horn
6137,siren
771,street_music
1801,street_music
7285,dog_bark
7067,jackhammer
3305,drilling
3271,jackhammer
1210,engine_idling
5624,children_playing
5891,engine_idling
7014,air_conditioner
6603,gun_shot
3036,air_conditioner
3264,jackhammer
6258,dog_bark
4589,air_conditioner
5329,dog_bark
6142,engine_idling
354,street_music
3894,siren
3169,air_conditioner
1897,children_playing
6966,siren
8539,air_conditioner
1982,siren
6726,engine_idling
5499,street_music
7996,siren
7822,engine_idling
6099,jackhammer
3676,car_horn
6739,children_playing
5140,dog_bark
5680,jackhammer
3112,children_playing
4866,street_music
5348,dog_bark
8353,siren
519,engine_idling
457,children_playing
4592,drilling
6698,engine_idling
118,street_music
4158,air_conditioner
857,dog_bark
619,street_music
874,children_playing
1782,children_playing
7305,air_conditioner
7521,drilling
4896,drilling
2547,engine_idling
1987,drilling
5265,siren
1116,siren
1471,gun_shot
6366,children_playing
2194,car_horn
4374,siren
3967,engine_idling
7768,street_music
875,jackhammer
491,jackhammer
4640,children_playing
538,street_music
4583,dog_bark
3771,siren
8467,siren
2149,engine_idling
2717,dog_bark
7791,drilling
3610,jackhammer
4316,jackhammer
5976,jackhammer
3993,dog_bark
2368,jackhammer
6286,gun_shot
2358,jackhammer
2969,dog_bark
610,children_playing
7955,engine_idling
905,dog_bark
5110,jackhammer
1870,street_music
6767,siren
4001,jackhammer
6219,siren
1681,jackhammer
7777,dog_bark
8101,siren
542,air_conditioner
6660,jackhammer
7311,street_music
6033,children_playing
7463,street_music
6748,street_music
5992,dog_bark
8133,jackhammer
2278,siren
7319,siren
5122,children_playing
1480,children_playing
4870,dog_bark
7410,dog_bark
6341,siren
1760,air_conditioner
6395,engine_idling
6679,children_playing
4172,jackhammer
8210,children_playing
3474,children_playing
7596,street_music
1431,car_horn
4736,drilling
6633,siren
1237,air_conditioner
615,children_playing
6946,air_conditioner
7425,engine_idling
303,drilling
1868,drilling
2233,gun_shot
6413,air_conditioner
5512,siren
6731,drilling
898,drilling
7770,jackhammer
3240,engine_idling
3803,street_music
1322,drilling
4623,air_conditioner
6759,engine_idling
8251,engine_idling
2899,air_conditioner
3138,siren
1901,street_music
5583,jackhammer
1616,siren
868,siren
3966,children_playing
6474,engine_idling
8498,jackhammer
4604,car_horn
4570,drilling
4500,siren
3587,air_conditioner
2509,siren
623,engine_idling
6735,dog_bark
8475,car_horn
4602,engine_idling
3754,street_music
8036,siren
3437,air_conditioner
7455,air_conditioner
7315,siren
1573,air_conditioner
8346,siren
5159,children_playing
1673,engine_idling
6741,jackhammer
5942,children_playing
1523,street_music
2751,engine_idling
938,street_music
5518,engine_idling
606,children_playing
4970,air_conditioner
395,street_music
2959,street_music
906,dog_bark
3161,air_conditioner
1350,drilling
6187,engine_idling
3467,drilling
6738,children_playing
1917,street_music
7718,car_horn
4718,engine_idling
2329,children_playing
1932,jackhammer
7528,car_horn
1738,drilling
246,siren
6473,air_conditioner
6630,dog_bark
6160,street_music
4636,engine_idling
834,engine_idling
4155,drilling
6372,jackhammer
4759,engine_idling
2264,engine_idling
8553,drilling
3288,jackhammer
1255,engine_idling
4833,drilling
586,engine_idling
1842,children_playing
7705,air_conditioner
6778,engine_idling
3745,siren
5829,jackhammer
6262,dog_bark
2835,siren
2581,jackhammer
7574,drilling
1886,siren
374,dog_bark
8599,siren
5001,drilling
4097,engine_idling
3654,engine_idling
1091,street_music
8190,siren
3446,air_conditioner
3656,siren
3127,street_music
2983,jackhammer
2070,jackhammer
6295,street_music
4427,street_music
643,siren
3741,jackhammer
2780,car_horn
7124,engine_idling
4889,drilling
6580,street_music
6634,engine_idling
1554,air_conditioner
1613,drilling
2144,siren
4739,jackhammer
8048,engine_idling
2373,dog_bark
7022,children_playing
6461,air_conditioner
4610,air_conditioner
4010,drilling
8368,drilling
5922,children_playing
2301,children_playing
7530,drilling
1008,car_horn
1473,jackhammer
1864,air_conditioner
80,gun_shot
1090,jackhammer
2706,children_playing
7201,car_horn
5698,gun_shot
4633,air_conditioner
1749,siren
3451,air_conditioner
2624,jackhammer
4851,air_conditioner
2625,jackhammer
7054,siren
7040,air_conditioner
7112,children_playing
2416,jackhammer
639,drilling
7861,siren
7174,street_music
3569,air_conditioner
3233,street_music
5324,children_playing
5750,street_music
193,air_conditioner
620,children_playing
4966,children_playing
5227,dog_bark
3925,street_music
4363,air_conditioner
4568,dog_bark
3136,street_music
132,street_music
227,engine_idling
2209,street_music
6326,children_playing
6734,children_playing
4204,dog_bark
2125,air_conditioner
1695,engine_idling
5571,air_conditioner
2259,car_horn
6358,street_music
319,street_music
3514,gun_shot
6942,jackhammer
6635,air_conditioner
3637,engine_idling
3013,siren
2096,siren
6928,gun_shot
661,engine_idling
3360,drilling
2230,drilling
5414,dog_bark
5268,jackhammer
6934,drilling
6570,engine_idling
7696,car_horn
915,dog_bark
5585,gun_shot
2474,street_music
6247,dog_bark
5472,air_conditioner
5369,street_music
8420,dog_bark
1096,air_conditioner
8560,drilling
8308,jackhammer
452,jackhammer
6450,street_music
8547,siren
5248,jackhammer
1162,air_conditioner
6909,dog_bark
3229,car_horn
5371,car_horn
1703,siren
7171,street_music
3537,jackhammer
3590,drilling
2463,siren
7687,engine_idling
2963,dog_bark
6139,dog_bark
3988,jackhammer
7129,drilling
3883,children_playing
2212,siren
7547,drilling
839,drilling
645,car_horn
7814,engine_idling
5397,engine_idling
4265,dog_bark
7222,engine_idling
3060,dog_bark
684,drilling
6283,engine_idling
1809,engine_idling
6123,dog_bark
2558,dog_bark
3199,engine_idling
3021,drilling
5011,engine_idling
3026,jackhammer
7977,drilling
5951,jackhammer
8666,drilling
7051,air_conditioner
2645,siren
5278,jackhammer
1946,dog_bark
4253,jackhammer
8618,air_conditioner
1628,jackhammer
371,siren
3546,air_conditioner
7800,siren
670,street_music
2295,gun_shot
2293,air_conditioner
1591,street_music
3364,jackhammer
1599,siren
3792,street_music
2961,air_conditioner
8185,dog_bark
2931,dog_bark
0,siren
2220,jackhammer
594,street_music
7482,children_playing
589,dog_bark
7614,car_horn
3634,drilling
7871,gun_shot
664,jackhammer
4039,siren
3075,street_music
971,jackhammer
8152,engine_idling
7400,jackhammer
532,siren
8714,engine_idling
4183,air_conditioner
8266,siren
1839,drilling
5904,air_conditioner
562,siren
8412,children_playing
3783,street_music
6217,children_playing
1386,car_horn
5699,air_conditioner
5813,engine_idling
8335,jackhammer
6380,children_playing
881,children_playing
4581,jackhammer
6426,gun_shot
5566,children_playing
1062,jackhammer
2650,drilling
4502,children_playing
6719,children_playing
8167,jackhammer
2049,street_music
2251,siren
6981,dog_bark
832,engine_idling
2956,children_playing
445,jackhammer
973,children_playing
7686,engine_idling
4617,jackhammer
7352,jackhammer
3888,gun_shot
6170,children_playing
3483,drilling
408,engine_idling
3455,air_conditioner
4566,children_playing
6239,engine_idling
3020,air_conditioner
5481,dog_bark
2300,street_music
1489,dog_bark
5157,children_playing
2091,drilling
3522,engine_idling
7404,drilling
1134,street_music
5741,children_playing
6623,gun_shot
1080,street_music
2976,drilling
2889,siren
2072,drilling
6781,dog_bark
7876,air_conditioner
138,drilling
8297,air_conditioner
7195,children_playing
2145,drilling
8410,children_playing
6557,air_conditioner
8246,engine_idling
4375,dog_bark
4962,street_music
3454,drilling
1724,street_music
7880,car_horn
6881,air_conditioner
2168,dog_bark
5241,dog_bark
3012,gun_shot
2679,children_playing
7810,children_playing
5950,engine_idling
2186,siren
1206,children_playing
5588,dog_bark
8595,drilling
2932,car_horn
3491,engine_idling
5389,engine_idling
6248,gun_shot
1929,air_conditioner
4288,drilling
695,street_music
6053,jackhammer
1105,car_horn
2974,street_music
2541,siren
3791,jackhammer
6145,siren
4066,air_conditioner
6648,jackhammer
3202,street_music
1776,jackhammer
8651,siren
4956,children_playing
3719,engine_idling
4046,engine_idling
4095,siren
6920,children_playing
4837,siren
6877,jackhammer
5344,air_conditioner
7264,engine_idling
7493,air_conditioner
3226,dog_bark
751,jackhammer
8050,car_horn
8581,street_music
6046,car_horn
100,air_conditioner
8161,drilling
495,street_music
8621,gun_shot
7592,dog_bark
985,air_conditioner
8558,jackhammer
3568,air_conditioner
4905,children_playing
883,engine_idling
4917,air_conditioner
3751,jackhammer
2892,street_music
7618,air_conditioner
5205,jackhammer
6908,dog_bark
6435,street_music
3376,air_conditioner
7979,street_music
757,siren
5712,jackhammer
5433,drilling
7113,engine_idling
1256,air_conditioner
6850,engine_idling
6723,street_music
5856,children_playing
486,engine_idling
4843,jackhammer
6836,air_conditioner
3766,street_music
5661,children_playing
456,drilling
5859,children_playing
954,car_horn
2126,children_playing
1337,dog_bark
3507,dog_bark
4235,street_music
6527,jackhammer
7919,jackhammer
20,engine_idling
5537,children_playing
1051,children_playing
3071,engine_idling
2445,gun_shot
2113,car_horn
2403,air_conditioner
2588,street_music
1546,air_conditioner
1581,jackhammer
3350,car_horn
306,children_playing
2470,engine_idling
474,gun_shot
3645,drilling
5347,air_conditioner
7036,drilling
176,car_horn
7645,street_music
5799,siren
488,car_horn
1074,engine_idling
3099,drilling
4900,drilling
8076,engine_idling
5429,street_music
116,drilling
1766,air_conditioner
2319,children_playing
5037,dog_bark
1298,children_playing
3425,siren
6607,drilling
5277,jackhammer
6674,car_horn
2710,dog_bark
6351,jackhammer
6364,engine_idling
5577,dog_bark
1552,dog_bark
3828,children_playing
7759,engine_idling
1853,dog_bark
8484,engine_idling
6779,engine_idling
8502,children_playing
6878,street_music
3660,jackhammer
4331,drilling
4134,drilling
7284,jackhammer
5709,siren
1520,gun_shot
2314,children_playing
4522,dog_bark
5605,car_horn
2275,children_playing
7233,gun_shot
4038,jackhammer
101,drilling
5486,air_conditioner
2101,air_conditioner
599,jackhammer
99,jackhammer
3471,jackhammer
378,jackhammer
6417,siren
1680,siren
6442,jackhammer
263,jackhammer
5589,car_horn
8239,children_playing
4880,dog_bark
3714,siren
5239,jackhammer
4184,street_music
8370,dog_bark
6165,children_playing
5146,children_playing
5077,jackhammer
1129,street_music
6935,engine_idling
1769,siren
2303,dog_bark
3056,gun_shot
4918,siren
6772,dog_bark
2837,gun_shot
7115,engine_idling
4510,engine_idling
74,street_music
2646,drilling
1971,street_music
705,drilling
5359,jackhammer
7110,siren
4669,street_music
6547,drilling
8060,children_playing
543,engine_idling
4408,gun_shot
2133,air_conditioner
2102,street_music
5616,air_conditioner
1015,street_music
3968,air_conditioner
5423,drilling
6855,street_music
506,drilling
4428,dog_bark
8378,dog_bark
6009,drilling
7217,siren
3956,siren
8597,jackhammer
8095,street_music
2765,jackhammer
1647,jackhammer
7265,dog_bark
7642,dog_bark
6775,air_conditioner
844,drilling
5668,air_conditioner
3318,car_horn
5691,air_conditioner
2697,jackhammer
7049,street_music
7956,drilling
4667,jackhammer
5266,children_playing
603,street_music
369,jackhammer
3785,air_conditioner
66,jackhammer
2040,engine_idling
4278,children_playing
1261,drilling
6871,children_playing
3239,engine_idling
7506,engine_idling
2610,children_playing
991,street_music
4444,jackhammer
2122,gun_shot
1468,drilling
3215,drilling
7439,siren
3902,dog_bark
1341,gun_shot
8032,jackhammer
5874,children_playing
1409,air_conditioner
2726,drilling
5418,street_music
76,jackhammer
2210,dog_bark
4139,jackhammer
7819,children_playing
3394,street_music
2668,engine_idling
5740,jackhammer
3285,dog_bark
5094,siren
7883,drilling
3644,street_music
8386,engine_idling
4708,dog_bark
1952,jackhammer
1850,children_playing
464,street_music
4635,air_conditioner
7497,street_music
2004,jackhammer
5732,engine_idling
485,children_playing
5063,siren
6902,drilling
6522,air_conditioner
956,jackhammer
8287,air_conditioner
5138,children_playing
8084,children_playing
6027,gun_shot
2684,siren
945,jackhammer
2619,car_horn
933,engine_idling
312,air_conditioner
5044,car_horn
8590,car_horn
3478,engine_idling
8271,drilling
7250,dog_bark
810,gun_shot
2740,children_playing
7729,engine_idling
4655,dog_bark
2454,engine_idling
3914,engine_idling
5380,siren
6619,children_playing
5297,dog_bark
3192,dog_bark
1973,gun_shot
1714,air_conditioner
2644,jackhammer
8105,gun_shot
8695,air_conditioner
2910,street_music
429,air_conditioner
4224,drilling
8027,gun_shot
7107,street_music
1335,engine_idling
1454,siren
1550,car_horn
3688,children_playing
1160,gun_shot
4960,children_playing
6649,jackhammer
6551,jackhammer
5119,drilling
2791,dog_bark
8387,engine_idling
5949,car_horn
4326,air_conditioner
1043,air_conditioner
926,street_music
6263,jackhammer
1183,jackhammer
6602,children_playing
770,air_conditioner
1936,siren
2310,children_playing
7680,siren
8020,children_playing
46,engine_idling
6970,drilling
1345,gun_shot
8712,jackhammer
3383,gun_shot
3646,engine_idling
3561,children_playing
5631,engine_idling
8493,jackhammer
1363,engine_idling
7057,dog_bark
2722,dog_bark
7916,street_music
6736,car_horn
7891,jackhammer
2493,dog_bark
7870,car_horn
5574,car_horn
8603,siren
5417,drilling
6402,gun_shot
7190,engine_idling
5058,children_playing
410,air_conditioner
1252,jackhammer
2545,engine_idling
8684,street_music
8614,drilling
3469,siren
4426,gun_shot
6162,siren
4222,engine_idling
3322,engine_idling
2960,siren
534,air_conditioner
8302,air_conditioner
5716,jackhammer
5033,jackhammer
2587,engine_idling
1537,dog_bark
3291,dog_bark
4389,jackhammer
4805,engine_idling
2349,engine_idling
8260,dog_bark
3866,engine_idling
2594,air_conditioner
7144,street_music
4541,siren
2682,drilling
5264,air_conditioner
4458,jackhammer
4737,children_playing
8522,drilling
8510,drilling
2419,dog_bark
4454,children_playing
780,air_conditioner
3533,street_music
2503,jackhammer
2117,drilling
2787,jackhammer
5522,engine_idling
4058,siren
6812,siren
6860,car_horn
3921,air_conditioner
3261,children_playing
2994,engine_idling
4220,siren
2864,engine_idling
2009,gun_shot
6676,street_music
3310,drilling
893,children_playing
3018,air_conditioner
3238,engine_idling
7806,siren
2104,dog_bark
6437,drilling
6436,air_conditioner
6260,children_playing
331,dog_bark
7655,street_music
255,children_playing
5634,car_horn
1826,drilling
217,dog_bark
6498,air_conditioner
3334,engine_idling
330,street_music
2489,dog_bark
2279,engine_idling
2411,children_playing
4263,dog_bark
4536,street_music
1527,siren
5487,children_playing
4993,car_horn
4104,jackhammer
1923,jackhammer
8187,siren
3179,children_playing
253,siren
7177,street_music
4835,drilling
32,children_playing
6244,dog_bark
1803,drilling
6637,engine_idling
5780,dog_bark
2830,children_playing
5488,children_playing
1399,engine_idling
7648,engine_idling
4366,children_playing
2479,drilling
6565,street_music
3924,dog_bark
8234,drilling
4770,air_conditioner
5361,dog_bark
2934,children_playing
7918,air_conditioner
4867,street_music
7669,engine_idling
7141,air_conditioner
4598,drilling
5065,dog_bark
8513,dog_bark
6754,children_playing
6898,siren
3465,drilling
6220,street_music
7262,engine_idling
3464,children_playing
4207,engine_idling
556,jackhammer
7207,jackhammer
346,car_horn
714,engine_idling
5158,gun_shot
2432,children_playing
1450,air_conditioner
2718,jackhammer
4371,children_playing
7854,siren
8221,jackhammer
7711,siren
7613,engine_idling
7865,street_music
187,drilling
6333,drilling
7818,drilling
442,dog_bark
522,children_playing
6490,siren
6235,car_horn
5127,children_playing
1017,siren
2907,air_conditioner
4140,children_playing
5071,car_horn
8337,drilling
6460,street_music
1232,air_conditioner
4559,siren
6298,children_playing
2957,air_conditioner
8037,street_music
7634,children_playing
8701,air_conditioner
3413,street_music
1025,jackhammer
6975,air_conditioner
5283,engine_idling
2578,jackhammer
7000,street_music
3987,siren
1869,children_playing
3986,jackhammer
8000,children_playing
1722,drilling
2925,drilling
103,air_conditioner
6829,car_horn
4646,street_music
7294,children_playing
2485,engine_idling
5625,engine_idling
5201,engine_idling
8575,engine_idling
5075,dog_bark
3536,drilling
2898,street_music
666,engine_idling
6328,children_playing
2453,dog_bark
2779,children_playing
3188,air_conditioner
7992,street_music
4800,air_conditioner
8130,street_music
2955,siren
3882,car_horn
5917,children_playing
4648,street_music
4346,drilling
8515,air_conditioner
3906,siren
3762,jackhammer
3545,gun_shot
3168,children_playing
7785,dog_bark
7191,children_playing
2206,siren
4436,drilling
6837,siren
7052,car_horn
4084,car_horn
6308,jackhammer
7845,street_music
3126,children_playing
7257,car_horn
2689,engine_idling
2056,drilling
6546,children_playing
1948,children_playing
2933,dog_bark
8357,siren
6985,drilling
8544,children_playing
1701,jackhammer
3144,drilling
4252,gun_shot
7897,children_playing
575,siren
8217,street_music
709,drilling
8177,street_music
2921,siren
3936,air_conditioner
7602,drilling
593,children_playing
7617,street_music
8419,dog_bark
8166,children_playing
7561,air_conditioner
1669,drilling
2774,street_music
4740,air_conditioner
6154,street_music
6012,gun_shot
716,drilling
4686,air_conditioner
524,siren
6811,siren
6206,gun_shot
7650,air_conditioner
7689,air_conditioner
5076,air_conditioner
7941,children_playing
3032,children_playing
5635,jackhammer
6757,drilling
6659,jackhammer
3836,street_music
2218,children_playing
5832,engine_idling
2238,jackhammer
4787,air_conditioner
7383,children_playing
1294,siren
4094,air_conditioner
229,children_playing
7468,street_music
2972,gun_shot
7476,street_music
631,engine_idling
5151,drilling
3920,engine_idling
7688,street_music
7720,dog_bark
3700,engine_idling
2260,air_conditioner
1478,siren
807,gun_shot
2170,drilling
5103,engine_idling
7882,drilling
7249,dog_bark
4899,jackhammer
4267,engine_idling
7419,drilling
676,jackhammer
5926,street_music
3236,jackhammer
2714,jackhammer
6872,gun_shot
228,engine_idling
4823,drilling
3108,children_playing
5673,air_conditioner
6642,drilling
8392,air_conditioner
4002,siren
5236,car_horn
604,dog_bark
7580,engine_idling
6152,engine_idling
135,engine_idling
4693,drilling
569,jackhammer
1157,siren
7700,drilling
959,drilling
2465,children_playing
1667,gun_shot
6074,drilling
6026,gun_shot
7581,gun_shot
4459,car_horn
7298,air_conditioner
513,jackhammer
864,car_horn
4514,jackhammer
7609,jackhammer
2090,dog_bark
2438,street_music
1120,dog_bark
6976,air_conditioner
2156,street_music
2160,air_conditioner
8604,street_music
3148,street_music
5095,siren
7028,children_playing
6092,drilling
8257,jackhammer
1779,siren
348,children_playing
8632,siren
1827,siren
2662,air_conditioner
8104,drilling
6813,street_music
851,drilling
3981,street_music
8477,siren
5570,drilling
4692,engine_idling
5038,jackhammer
5370,drilling
5074,engine_idling
6120,dog_bark
1390,dog_bark
7860,air_conditioner
7762,jackhammer
6900,drilling
1734,children_playing
734,drilling
3661,street_music
2318,engine_idling
872,engine_idling
2371,engine_idling
105,street_music
5879,engine_idling
8103,jackhammer
6161,dog_bark
4169,engine_idling
6205,engine_idling
6665,dog_bark
4682,jackhammer
1800,air_conditioner
8289,air_conditioner
3550,children_playing
5025,street_music
1205,engine_idling
2920,street_music
1636,jackhammer
3162,dog_bark
18,siren
8646,engine_idling
52,gun_shot
6310,dog_bark
6117,jackhammer
2950,gun_shot
4412,dog_bark
7326,jackhammer
1578,siren
6621,jackhammer
186,engine_idling
5052,children_playing
1604,car_horn
48,car_horn
4216,drilling
4562,engine_idling
8569,children_playing
6322,gun_shot
8366,air_conditioner
8694,street_music
824,car_horn
328,air_conditioner
6153,car_horn
7761,air_conditioner
8639,air_conditioner
1036,engine_idling
7787,street_music
8430,siren
6478,children_playing
5121,children_playing
629,siren
2150,street_music
4396,siren
2705,gun_shot
3816,street_music
5271,gun_shot
164,dog_bark
850,siren
7169,jackhammer
4525,drilling
7541,engine_idling
2569,street_music
4070,engine_idling
1963,siren
4418,drilling
3171,engine_idling
551,car_horn
5445,siren
8338,engine_idling
7908,gun_shot
4297,street_music
5941,engine_idling
5822,drilling
6844,street_music
7064,dog_bark
5171,street_music
5742,engine_idling
211,siren
4499,children_playing
3146,siren
2390,drilling
7149,children_playing
3250,siren
900,air_conditioner
1098,children_playing
6986,children_playing
3759,street_music
2918,drilling
4503,children_playing
4378,air_conditioner
7952,dog_bark
1635,air_conditioner
2360,children_playing
7157,air_conditioner
3176,car_horn
2200,air_conditioner
3539,air_conditioner
8148,dog_bark
6169,dog_bark
8055,drilling
5660,dog_bark
4358,air_conditioner
6454,street_music
8202,jackhammer
8491,air_conditioner
355,drilling
3664,air_conditioner
1248,drilling
2054,drilling
2196,street_music
1729,dog_bark
2738,engine_idling
3399,dog_bark
3933,gun_shot
7999,air_conditioner
5247,jackhammer
7458,children_playing
943,siren
8584,dog_bark
363,jackhammer
4877,engine_idling
7159,jackhammer
8609,air_conditioner
4125,siren
2171,drilling
7388,street_music
3525,air_conditioner
3965,car_horn
5534,children_playing
5684,street_music
3551,air_conditioner
6290,drilling
2162,jackhammer
8512,children_playing
630,dog_bark
4106,dog_bark
7611,drilling
6382,children_playing
7542,drilling
423,children_playing
7817,engine_idling
7095,siren
5936,siren
1789,dog_bark
3442,children_playing
1686,air_conditioner
5802,siren
4890,jackhammer
6004,siren
760,children_playing
3170,siren
6790,drilling
5565,air_conditioner
81,jackhammer
1967,engine_idling
489,children_playing
2869,air_conditioner
365,car_horn
1688,street_music
6255,car_horn
2107,car_horn
3172,siren
3627,engine_idling
6294,drilling
863,jackhammer
6857,engine_idling
3230,gun_shot
5705,drilling
6729,drilling
3984,drilling
2506,jackhammer
286,siren
2505,drilling
1763,air_conditioner
8630,engine_idling
6249,engine_idling
929,dog_bark
6553,street_music
3214,children_playing
6901,drilling
2935,dog_bark
911,dog_bark
1792,drilling
6974,children_playing
5043,dog_bark
425,air_conditioner
7372,dog_bark
2468,siren
6614,air_conditioner
8022,air_conditioner
7392,jackhammer
4382,street_music
5995,gun_shot
6958,street_music
790,gun_shot
8462,siren
7636,children_playing
5308,engine_idling
3752,siren
6732,children_playing
537,jackhammer
4086,engine_idling
8471,drilling
1049,drilling
1176,jackhammer
987,siren
1356,air_conditioner
6925,dog_bark
3070,drilling
8074,car_horn
799,children_playing
4430,street_music
7204,air_conditioner
382,engine_idling
7381,street_music
361,children_playing
8677,air_conditioner
8313,car_horn
859,street_music
3632,air_conditioner
1515,dog_bark
8144,drilling
3094,dog_bark
3357,jackhammer
6287,street_music
2253,air_conditioner
468,siren
1876,street_music
1806,dog_bark
6007,jackhammer
8427,drilling
8265,engine_idling
1933,siren
7499,children_playing
8347,car_horn
6560,engine_idling
1357,jackhammer
2902,engine_idling
223,children_playing
6537,drilling
4181,air_conditioner
